Liczba V,Liczba E,Czas Budowy [s],Czas Zapytania [s],Typ Grafu
121,320,0.006279468536376953,2.1827220916748046e-05,TriGrid
2601,7600,0.07148551940917969,2.0654201507568358e-05,TriGrid
10201,30200,0.9978935718536377,6.0577392578125e-05,TriGrid
22801,67800,0.9366037845611572,5.199432373046875e-05,TriGrid
40401,120400,1.3178164958953857,6.471872329711914e-05,TriGrid
160801,480800,6.653133153915405,4.7423839569091796e-05,TriGrid
361201,1081200,16.94986891746521,5.2349567413330076e-05,TriGrid
