Liczba V,Liczba E,Czas Budowy [s],Czas Zapytania [s],Typ Grafu
121,320,0.0039823055267333984,9.508132934570313e-06,TriGrid
2601,7600,0.05237007141113281,2.024412155151367e-05,TriGrid
10201,30200,1.9514451026916504,4.891157150268555e-05,TriGrid
22801,67800,0.9755642414093018,4.539966583251953e-05,TriGrid
40401,120400,3.9282162189483643,4.717350006103516e-05,TriGrid
160801,480800,4.44876503944397,4.048585891723633e-05,TriGrid
361201,1081200,14.522706508636475,5.959033966064453e-05,TriGrid
