Liczba V,Liczba E,Czas Budowy [s],Czas Zapytania (średni) [s],Typ Grafu
121,320,0.012304067611694336,4.6753883361816405e-06,TriGrid
2601,7600,0.028645753860473633,1.0802745819091797e-05,TriGrid
10201,30200,0.1431596279144287,1.9097328186035155e-05,TriGrid
22801,67800,0.36919569969177246,2.3381710052490233e-05,TriGrid
40401,120400,0.6008667945861816,2.9442310333251952e-05,TriGrid
160801,480800,7.3774237632751465,3.684759140014649e-05,TriGrid
361201,1081200,15.703607559204102,4.3430328369140624e-05,TriGrid
